id,gbifID,file_name,license
6319,3845900428,Fanniidae_Fannia_lustrator_1949906_3845900428,© All rights reserved
6320,3845900428,Fanniidae_Fannia_lustrator_1949907_3845900428,© All rights reserved
6321,3845900428,Fanniidae_Fannia_lustrator_1949908_3845900428,© All rights reserved
6322,3845900428,Fanniidae_Fannia_lustrator_1949909_3845900428,© All rights reserved
6323,3845900428,Fanniidae_Fannia_lustrator_1949910_3845900428,© All rights reserved
11744,3112750820,Fanniidae_Fannia_lustrator_2352703_3112750820,http://creativecommons.org/licenses/by/4.0/
11745,3112750820,Fanniidae_Fannia_lustrator_2352704_3112750820,http://creativecommons.org/licenses/by/4.0/
16075,2403818812,Fanniidae_Fannia_subpellucens_152883_2403818812,© All rights reserved
18962,1319539409,Fanniidae_Fannia_scalaris_2786602_1319539409,Usage Conditions Apply
29316,3759660922,Fanniidae_Fannia_canicularis_1924133_3759660922,http://creativecommons.org/licenses/by/4.0/
29317,3759660922,Fanniidae_Fannia_canicularis_1924134_3759660922,http://creativecommons.org/licenses/by/4.0/
31791,2248740313,Fanniidae_Fannia_monilis_137971_2248740313,http://creativecommons.org/licenses/by-nc-sa/4.0/
33144,1960063529,Fanniidae_Fannia_lustrator_1479562_1960063529,http://creativecommons.org/licenses/by-nc-nd/4.0/
34679,2841487034,Fanniidae_Fannia_lustrator_1604545_2841487034,http://creativecommons.org/licenses/by-nc-nd/4.0/
34976,1958274667,Fanniidae_Fannia_manicata_2166053_1958274667,http://creativecommons.org/licenses/by-nc-nd/4.0/
34977,1958274667,Fanniidae_Fannia_manicata_2166054_1958274667,http://creativecommons.org/licenses/by-nc-nd/4.0/
34978,1958274667,Fanniidae_Fannia_manicata_2166055_1958274667,http://creativecommons.org/licenses/by-nc-nd/4.0/
37901,2401176687,Fanniidae_Fannia_canicularis_2220158_2401176687,© All rights reserved
37902,2401176687,Fanniidae_Fannia_canicularis_2220159_2401176687,© All rights reserved
37903,2401176687,Fanniidae_Fannia_canicularis_2220160_2401176687,© All rights reserved
38810,2620081698,Fanniidae_Fannia_scalaris_2256848_2620081698,http://creativecommons.org/licenses/by-nc/4.0/
38811,2620081698,Fanniidae_Fannia_scalaris_2256849_2620081698,http://creativecommons.org/licenses/by-nc/4.0/
38812,2620081698,Fanniidae_Fannia_scalaris_2256850_2620081698,http://creativecommons.org/licenses/by-nc/4.0/
38813,2620081698,Fanniidae_Fannia_scalaris_2256851_2620081698,http://creativecommons.org/licenses/by-nc/4.0/
43535,4021954489,Fanniidae_Fannia_lustrator_3439981_4021954489,http://creativecommons.org/licenses/by-nc/4.0/
43949,1227713856,Fanniidae_Fannia_canicularis_1389032_1227713856,http://creativecommons.org/licenses/by-nc-sa/4.0/
51297,2576311472,Fanniidae_Fannia_canicularis_1562101_2576311472,http://creativecommons.org/licenses/by-nc/4.0/
51298,2576311472,Fanniidae_Fannia_canicularis_1562102_2576311472,http://creativecommons.org/licenses/by-nc/4.0/
59950,2459995756,Fanniidae_Fannia_canicularis_2231760_2459995756,http://creativecommons.org/licenses/by-nc/4.0/
61050,2397500871,Fanniidae_Fannia_canicularis_150879_2397500871,http://creativecommons.org/licenses/by-nc/4.0/
62312,1227714812,Fanniidae_Fannia_canicularis_9207_1227714812,http://creativecommons.org/licenses/by-nc-sa/4.0/
68447,1458996386,Fanniidae_Fannia_canicularis_46714_1458996386,© all rights reserved
73777,3091036305,Fanniidae_Fannia_lustrator_3038395_3091036305,http://creativecommons.org/licenses/by/4.0/
73778,3091036305,Fanniidae_Fannia_lustrator_3038396_3091036305,http://creativecommons.org/licenses/by/4.0/
73779,3091036305,Fanniidae_Fannia_lustrator_3038397_3091036305,http://creativecommons.org/licenses/by/4.0/
78477,1491355769,Fanniidae_Fannia_lustrator_1429610_1491355769,© all rights reserved
78478,1491355769,Fanniidae_Fannia_lustrator_1429611_1491355769,© all rights reserved
90856,2576245629,Fanniidae_Fannia_canicularis_1561971_2576245629,http://creativecommons.org/licenses/by/4.0/
103714,3705713406,Fanniidae_Fannia_canicularis_1853333_3705713406,http://creativecommons.org/licenses/by-nc/4.0/
105736,4011551201,Fanniidae_Fannia_canicularis_2055136_4011551201,http://creativecommons.org/licenses/by-nc/4.0/
105737,4011551201,Fanniidae_Fannia_canicularis_2055137_4011551201,http://creativecommons.org/licenses/by-nc/4.0/
122171,1956653455,Fanniidae_Fannia_pallitibia_94594_1956653455,http://creativecommons.org/licenses/by-nc-nd/4.0/
122172,1956653455,Fanniidae_Fannia_pallitibia_94595_1956653455,http://creativecommons.org/licenses/by-nc-nd/4.0/
123668,1844510626,Fanniidae_Fannia_canicularis_763925_1844510626,
127580,2001460012,Fanniidae_Fannia_minutipalpis_2891099_2001460012,http://creativecommons.org/licenses/by-nc-sa/4.0/
127583,2001284897,Fanniidae_Fannia_armata_2891085_2001284897,http://creativecommons.org/licenses/by-nc-sa/4.0/
129797,931736679,Fanniidae_Fannia_mollissima_2067415_931736679,© all rights reserved
129798,931736679,Fanniidae_Fannia_mollissima_2067416_931736679,© all rights reserved
129799,931736679,Fanniidae_Fannia_mollissima_2067417_931736679,© all rights reserved
129874,2271195499,Fanniidae_Fannia_manicata_144699_2271195499,© all rights reserved
129875,2271195499,Fanniidae_Fannia_manicata_144700_2271195499,© all rights reserved
129876,2271195499,Fanniidae_Fannia_manicata_144701_2271195499,© all rights reserved
129877,2271195499,Fanniidae_Fannia_manicata_144702_2271195499,© all rights reserved
131512,1459863191,Fanniidae_Fannia_lustrator_47881_1459863191,© all rights reserved
131513,1459863191,Fanniidae_Fannia_lustrator_47882_1459863191,© all rights reserved
131785,2815662503,Fanniidae_Fannia_serena_205982_2815662503,© all rights reserved
132016,4017271350,Fanniidae_Fannia_tuberculata_2748075_4017271350,© all rights reserved
133570,1459408113,Fanniidae_Fannia_armata_2805920_1459408113,© all rights reserved
133571,1459408113,Fanniidae_Fannia_armata_2805921_1459408113,© all rights reserved
139645,932068139,Fanniidae_Fannia_canicularis_2067576_932068139,© all rights reserved
141495,2542371621,Fanniidae_Fannia_similis_1545836_2542371621,© all rights reserved
141496,2542371621,Fanniidae_Fannia_similis_1545837_2542371621,© all rights reserved
142593,1460429206,Fanniidae_Fannia_subpellucens_49112_1460429206,© all rights reserved
142594,1460429206,Fanniidae_Fannia_subpellucens_49113_1460429206,© all rights reserved
150264,4016281365,Fanniidae_Fannia_fuscula_2057996_4016281365,© All rights reserved
150265,4016281365,Fanniidae_Fannia_fuscula_2057997_4016281365,© All rights reserved
150266,4016281365,Fanniidae_Fannia_fuscula_2057998_4016281365,© All rights reserved
150267,4016281365,Fanniidae_Fannia_fuscula_2057999_4016281365,© All rights reserved
150703,4016179507,Fanniidae_Fannia_corvina_1368848_4016179507,© All rights reserved
150704,4016179507,Fanniidae_Fannia_corvina_1368849_4016179507,© All rights reserved
150705,4016179507,Fanniidae_Fannia_corvina_1368850_4016179507,© All rights reserved
151900,1821057544,Fanniidae_Fannia_ornata_1435494_1821057544,© all rights reserved
152689,1958309686,Fanniidae_Fannia_lustrator_2166149_1958309686,http://creativecommons.org/licenses/by-nc-nd/4.0/
154726,1965309731,Fanniidae_Fannia_canicularis_2864913_1965309731,http://creativecommons.org/licenses/by-nc/4.0/
154727,1965309731,Fanniidae_Fannia_canicularis_2864914_1965309731,http://creativecommons.org/licenses/by-nc/4.0/
154728,1965309731,Fanniidae_Fannia_canicularis_2864915_1965309731,http://creativecommons.org/licenses/by-nc/4.0/
154729,1965309731,Fanniidae_Fannia_canicularis_2864916_1965309731,http://creativecommons.org/licenses/by-nc/4.0/
154730,1965309731,Fanniidae_Fannia_canicularis_2864917_1965309731,http://creativecommons.org/licenses/by-nc/4.0/
154731,1965309731,Fanniidae_Fannia_canicularis_2864918_1965309731,http://creativecommons.org/licenses/by-nc/4.0/
154732,1965309731,Fanniidae_Fannia_canicularis_2864919_1965309731,http://creativecommons.org/licenses/by-nc/4.0/
155118,2834313803,Fanniidae_Fannia_lustrator_1593826_2834313803,http://creativecommons.org/licenses/by-nc-nd/4.0/
155119,2834313803,Fanniidae_Fannia_lustrator_1593827_2834313803,http://creativecommons.org/licenses/by-nc-nd/4.0/
155120,2834313803,Fanniidae_Fannia_lustrator_1593828_2834313803,http://creativecommons.org/licenses/by-nc-nd/4.0/
155725,2833662499,Fanniidae_Fannia_lustrator_2970953_2833662499,http://creativecommons.org/licenses/by-nc/4.0/
155726,2833662499,Fanniidae_Fannia_lustrator_2970954_2833662499,http://creativecommons.org/licenses/by-nc/4.0/
156441,2273594931,Fanniidae_Fannia_subpellucens_2213681_2273594931,© All rights reserved
160571,2837609718,Fanniidae_Fannia_lustrator_1599159_2837609718,http://creativecommons.org/licenses/by-nc-nd/4.0/
161071,2836650137,Fanniidae_Fannia_lustrator_217799_2836650137,http://creativecommons.org/licenses/by-nc-nd/4.0/
161092,1958043764,Fanniidae_Fannia_lustrator_97159_1958043764,http://creativecommons.org/licenses/by-nc-nd/4.0/
165085,1974232306,Fanniidae_Fannia_subpubescens_2189165_1974232306,http://creativecommons.org/licenses/by-nc-nd/4.0/
165086,1974232306,Fanniidae_Fannia_subpubescens_2189166_1974232306,http://creativecommons.org/licenses/by-nc-nd/4.0/
166442,1959747718,Fanniidae_Fannia_lustrator_790317_1959747718,http://creativecommons.org/licenses/by-nc-nd/4.0/
166443,1959747718,Fanniidae_Fannia_lustrator_790318_1959747718,http://creativecommons.org/licenses/by-nc-nd/4.0/
166444,1959747718,Fanniidae_Fannia_lustrator_790319_1959747718,http://creativecommons.org/licenses/by-nc-nd/4.0/
168636,3824584203,Fanniidae_Fannia_lustrator_3322835_3824584203,http://creativecommons.org/licenses/by-nc-nd/4.0/
168637,3824584203,Fanniidae_Fannia_lustrator_3322836_3824584203,http://creativecommons.org/licenses/by-nc-nd/4.0/
169345,1955945488,Fanniidae_Fannia_mollissima_2852517_1955945488,http://creativecommons.org/licenses/by-nc-nd/4.0/
169346,1955945488,Fanniidae_Fannia_mollissima_2852518_1955945488,http://creativecommons.org/licenses/by-nc-nd/4.0/
173158,2270917614,Fanniidae_Fannia_manicata_144656_2270917614,© all rights reserved
173159,2270917614,Fanniidae_Fannia_manicata_144657_2270917614,© all rights reserved
175135,1957042367,Fanniidae_Fannia_lustrator_94954_1957042367,http://creativecommons.org/licenses/by-nc-nd/4.0/
177077,3070680011,Fanniidae_Fannia_lustrator_2344700_3070680011,http://creativecommons.org/licenses/by-nc/4.0/
177078,3070680011,Fanniidae_Fannia_lustrator_2344701_3070680011,http://creativecommons.org/licenses/by-nc/4.0/
179861,4016224404,Fanniidae_Fannia_mollissima_2748061_4016224404,© All rights reserved
179862,4016224404,Fanniidae_Fannia_mollissima_2748062_4016224404,© All rights reserved
179863,4016224404,Fanniidae_Fannia_mollissima_2748063_4016224404,© All rights reserved
182664,2459993240,Fanniidae_Fannia_canicularis_2922408_2459993240,http://creativecommons.org/licenses/by-sa/4.0/
182665,2459993240,Fanniidae_Fannia_canicularis_2922409_2459993240,http://creativecommons.org/licenses/by-sa/4.0/
182666,2459993240,Fanniidae_Fannia_canicularis_2922410_2459993240,http://creativecommons.org/licenses/by-sa/4.0/
182667,2459993240,Fanniidae_Fannia_canicularis_2922411_2459993240,http://creativecommons.org/licenses/by-sa/4.0/
182668,2459993240,Fanniidae_Fannia_canicularis_2922412_2459993240,http://creativecommons.org/licenses/by-sa/4.0/
183223,4016252315,Fanniidae_Fannia_canicularis_680718_4016252315,© All rights reserved
183224,4016252315,Fanniidae_Fannia_canicularis_680719_4016252315,© All rights reserved
183225,4016252315,Fanniidae_Fannia_canicularis_680720_4016252315,© All rights reserved
188097,3455327545,Fanniidae_Fannia_canicularis_456723_3455327545,http://creativecommons.org/licenses/by-nc/4.0/
191888,3131272316,Fanniidae_Fannia_monilis_2357013_3131272316,http://creativecommons.org/licenses/by/4.0/
191889,3131272316,Fanniidae_Fannia_monilis_2357014_3131272316,http://creativecommons.org/licenses/by/4.0/
191892,1655890557,Fanniidae_Fannia_canicularis_2121443_1655890557,
191896,1655890578,Fanniidae_Fannia_canicularis_743571_1655890578,
191905,1655890529,Fanniidae_Fannia_canicularis_1432142_1655890529,
191908,1655890571,Fanniidae_Fannia_canicularis_2810995_1655890571,
191917,1655890621,Fanniidae_Fannia_canicularis_52494_1655890621,
191919,1655890520,Fanniidae_Fannia_canicularis_2121441_1655890520,
191920,1655890549,Fanniidae_Fannia_canicularis_2810994_1655890549,
194710,3067769075,Fanniidae_Fannia_canicularis_1652392_3067769075,http://creativecommons.org/licenses/by/4.0/
194711,3067769075,Fanniidae_Fannia_canicularis_1652393_3067769075,http://creativecommons.org/licenses/by/4.0/
194712,3067769075,Fanniidae_Fannia_canicularis_1652394_3067769075,http://creativecommons.org/licenses/by/4.0/
203261,3447728000,Fanniidae_Fannia_manicata_2522229_3447728000,http://creativecommons.org/licenses/by-sa/4.0/
203264,3447728017,Fanniidae_Fannia_postica_1143695_3447728017,http://creativecommons.org/licenses/by-sa/4.0/
203337,3447733753,Fanniidae_Fannia_armata_3212457_3447733753,http://creativecommons.org/licenses/by-sa/4.0/
203348,3447733980,Fanniidae_Fannia_serena_1143723_3447733980,http://creativecommons.org/licenses/by-sa/4.0/
203471,3447736440,Fanniidae_Fannia_postica_454370_3447736440,http://creativecommons.org/licenses/by-sa/4.0/
203677,3447757153,Fanniidae_Fannia_canicularis_3212562_3447757153,http://creativecommons.org/licenses/by-sa/4.0/
203708,3447757586,Fanniidae_Fannia_manicata_3212575_3447757586,http://creativecommons.org/licenses/by-sa/4.0/
205028,2853194328,Fanniidae_Fannia_canicularis_2998734_2853194328,© all rights reserved
205029,2853194328,Fanniidae_Fannia_canicularis_2998735_2853194328,© all rights reserved
207670,1963084781,Fanniidae_Fannia_lustrator_1482996_1963084781,http://creativecommons.org/licenses/by-nc-nd/4.0/
207671,1963084781,Fanniidae_Fannia_lustrator_1482997_1963084781,http://creativecommons.org/licenses/by-nc-nd/4.0/
207672,1963084781,Fanniidae_Fannia_lustrator_1482998_1963084781,http://creativecommons.org/licenses/by-nc-nd/4.0/
213013,1964568537,Fanniidae_Fannia_canicularis_2863014_1964568537,http://creativecommons.org/licenses/by-nc-nd/4.0/
213014,1964568537,Fanniidae_Fannia_canicularis_2863015_1964568537,http://creativecommons.org/licenses/by-nc-nd/4.0/
213015,1964568537,Fanniidae_Fannia_canicularis_2863016_1964568537,http://creativecommons.org/licenses/by-nc-nd/4.0/
213016,1964568537,Fanniidae_Fannia_canicularis_2863017_1964568537,http://creativecommons.org/licenses/by-nc-nd/4.0/
220702,2851175383,Fanniidae_Fannia_canicularis_239563_2851175383,http://creativecommons.org/licenses/by-nc/4.0/
223344,1132455163,Fanniidae_Fannia_armata_2765715_1132455163,© all rights reserved
223345,1132455163,Fanniidae_Fannia_armata_2765716_1132455163,© all rights reserved
227715,2834251995,Fanniidae_Fannia_lustrator_214370_2834251995,http://creativecommons.org/licenses/by-nc-nd/4.0/
230231,2841300217,Fanniidae_Fannia_lustrator_2983784_2841300217,http://creativecommons.org/licenses/by-nc-nd/4.0/
230232,2841300217,Fanniidae_Fannia_lustrator_2983785_2841300217,http://creativecommons.org/licenses/by-nc-nd/4.0/
230233,2841300217,Fanniidae_Fannia_lustrator_2983786_2841300217,http://creativecommons.org/licenses/by-nc-nd/4.0/
231196,4016262302,Fanniidae_Fannia_canicularis_2057989_4016262302,© All rights reserved
231197,4016262302,Fanniidae_Fannia_canicularis_2057990_4016262302,© All rights reserved
231198,4016262302,Fanniidae_Fannia_canicularis_2057991_4016262302,© All rights reserved
231199,4016262302,Fanniidae_Fannia_canicularis_2057992_4016262302,© All rights reserved
231200,4016262302,Fanniidae_Fannia_canicularis_2057993_4016262302,© All rights reserved
231201,4016262302,Fanniidae_Fannia_canicularis_2057994_4016262302,© All rights reserved
231202,4016262302,Fanniidae_Fannia_canicularis_2057995_4016262302,© All rights reserved
236251,1843999873,Fanniidae_Fannia_scalaris_72663_1843999873,© All rights reserved
238993,2837566441,Fanniidae_Piezura_graminicola_1599052_2837566441,http://creativecommons.org/licenses/by-nc-nd/4.0/
238994,2837566441,Fanniidae_Piezura_graminicola_1599053_2837566441,http://creativecommons.org/licenses/by-nc-nd/4.0/
238995,2837566441,Fanniidae_Piezura_graminicola_1599054_2837566441,http://creativecommons.org/licenses/by-nc-nd/4.0/
248804,1970225055,Fanniidae_Fannia_lustrator_2182955_1970225055,http://creativecommons.org/licenses/by-nc/4.0/
249834,2841355698,Fanniidae_Fannia_lustrator_1604203_2841355698,http://creativecommons.org/licenses/by-nc-nd/4.0/
251415,1966165954,Fanniidae_Fannia_lustrator_2866836_1966165954,http://creativecommons.org/licenses/by-nc-nd/4.0/
254660,3090845226,Fanniidae_Fannia_lustrator_969523_3090845226,http://creativecommons.org/licenses/by/4.0/
254661,3090845226,Fanniidae_Fannia_lustrator_969524_3090845226,http://creativecommons.org/licenses/by/4.0/
255183,3456685823,Fanniidae_Fannia_canicularis_1842152_3456685823,http://creativecommons.org/licenses/by/4.0/
255184,3456685823,Fanniidae_Fannia_canicularis_1842153_3456685823,http://creativecommons.org/licenses/by/4.0/
255185,3456685823,Fanniidae_Fannia_canicularis_1842154_3456685823,http://creativecommons.org/licenses/by/4.0/
257495,3705737491,Fanniidae_Fannia_canicularis_1853382_3705737491,http://creativecommons.org/licenses/by-nc/4.0/
260116,3773238059,Fanniidae_Fannia_lustrator_1240613_3773238059,http://creativecommons.org/licenses/by-nc/4.0/
260117,3773238059,Fanniidae_Fannia_lustrator_1240614_3773238059,http://creativecommons.org/licenses/by-nc/4.0/
260655,2633584416,Fanniidae_Fannia_similis_885552_2633584416,http://creativecommons.org/licenses/by-nc-sa/4.0/
261919,3772650277,Fanniidae_Fannia_lustrator_550323_3772650277,http://creativecommons.org/licenses/by-nc/4.0/
264069,1037111021,Fanniidae_Fannia_subpellucens_2072877_1037111021,© all rights reserved
264839,3078545308,Fanniidae_Fannia_canicularis_966698_3078545308,© all rights reserved
265754,1428935758,Fanniidae_Fannia_canicularis_1423843_1428935758,© all rights reserved
265755,1428935758,Fanniidae_Fannia_canicularis_1423844_1428935758,© all rights reserved
267487,1671031362,Fanniidae_Fannia_canicularis_53551_1671031362,© all rights reserved
269762,1485376071,Fanniidae_Fannia_pallitibia_1429598_1485376071,© all rights reserved
269763,1485376071,Fanniidae_Fannia_pallitibia_1429599_1485376071,© all rights reserved
285313,2842546292,Fanniidae_Fannia_lustrator_228646_2842546292,http://creativecommons.org/licenses/by-nc/4.0/
286539,2248739494,Fanniidae_Fannia_canicularis_2206091_2248739494,http://creativecommons.org/licenses/by-nc-sa/4.0/
286543,2248739584,Fanniidae_Fannia_monilis_2206096_2248739584,http://creativecommons.org/licenses/by-nc-sa/4.0/
287733,2992718104,Fanniidae_Fannia_canicularis_2326855_2992718104,http://creativecommons.org/licenses/by-nc/4.0/
287734,2992718104,Fanniidae_Fannia_canicularis_2326856_2992718104,http://creativecommons.org/licenses/by-nc/4.0/
287735,2992718104,Fanniidae_Fannia_canicularis_2326857_2992718104,http://creativecommons.org/licenses/by-nc/4.0/
287736,2992718104,Fanniidae_Fannia_canicularis_2326858_2992718104,http://creativecommons.org/licenses/by-nc/4.0/
295696,1957762112,Fanniidae_Fannia_serena_2854688_1957762112,http://creativecommons.org/licenses/by-nc-nd/4.0/
295697,1957762112,Fanniidae_Fannia_serena_2854689_1957762112,http://creativecommons.org/licenses/by-nc-nd/4.0/
295698,1957762112,Fanniidae_Fannia_serena_2854690_1957762112,http://creativecommons.org/licenses/by-nc-nd/4.0/
295699,1957762112,Fanniidae_Fannia_serena_2854691_1957762112,http://creativecommons.org/licenses/by-nc-nd/4.0/
299221,3860129049,Fanniidae_Fannia_lustrator_1962547_3860129049,http://creativecommons.org/licenses/by-nc/4.0/
300217,1969011836,Fanniidae_Fannia_canicularis_2180178_1969011836,http://creativecommons.org/licenses/by-nc-nd/4.0/
300218,1969011836,Fanniidae_Fannia_canicularis_2180179_1969011836,http://creativecommons.org/licenses/by-nc-nd/4.0/
300219,1969011836,Fanniidae_Fannia_canicularis_2180180_1969011836,http://creativecommons.org/licenses/by-nc-nd/4.0/
304116,2248739888,Fanniidae_Fannia_canicularis_137962_2248739888,http://creativecommons.org/licenses/by-nc-sa/4.0/
307154,1977021848,Fanniidae_Fannia_canicularis_124607_1977021848,http://creativecommons.org/licenses/by-nc-nd/4.0/
307155,1977021848,Fanniidae_Fannia_canicularis_124608_1977021848,http://creativecommons.org/licenses/by-nc-nd/4.0/
309236,2001335077,Fanniidae_Fannia_postica_823116_2001335077,http://creativecommons.org/licenses/by-nc-sa/4.0/
314619,4016253343,Fanniidae_Fannia_manicata_2057982_4016253343,© All rights reserved
314620,4016253343,Fanniidae_Fannia_manicata_2057983_4016253343,© All rights reserved
314621,4016253343,Fanniidae_Fannia_manicata_2057984_4016253343,© All rights reserved
314622,4016253343,Fanniidae_Fannia_manicata_2057985_4016253343,© All rights reserved
314623,4016253343,Fanniidae_Fannia_manicata_2057986_4016253343,© All rights reserved
314624,4016253343,Fanniidae_Fannia_manicata_2057987_4016253343,© All rights reserved
314625,4016253343,Fanniidae_Fannia_manicata_2057988_4016253343,© All rights reserved
315226,3327092429,Fanniidae_Fannia_canicularis_2367390_3327092429,© All rights reserved
319238,1964006549,Fanniidae_Fannia_lustrator_2862606_1964006549,http://creativecommons.org/licenses/by-nc-nd/4.0/
319239,1964006549,Fanniidae_Fannia_lustrator_2862607_1964006549,http://creativecommons.org/licenses/by-nc-nd/4.0/
319240,1964006549,Fanniidae_Fannia_lustrator_2862608_1964006549,http://creativecommons.org/licenses/by-nc-nd/4.0/
321032,3131278314,Fanniidae_Fannia_armata_1667039_3131278314,http://creativecommons.org/licenses/by/4.0/
321033,3131278314,Fanniidae_Fannia_armata_1667040_3131278314,http://creativecommons.org/licenses/by/4.0/
321034,3131278314,Fanniidae_Fannia_armata_1667041_3131278314,http://creativecommons.org/licenses/by/4.0/
322941,2844366577,Fanniidae_Fannia_lustrator_232061_2844366577,http://creativecommons.org/licenses/by-nc-nd/4.0/
322942,2844366577,Fanniidae_Fannia_lustrator_232062_2844366577,http://creativecommons.org/licenses/by-nc-nd/4.0/
328990,1966708859,Fanniidae_Fannia_lustrator_800361_1966708859,http://creativecommons.org/licenses/by-nc-nd/4.0/
329497,2845196982,Fanniidae_Fannia_lustrator_2992988_2845196982,http://creativecommons.org/licenses/by-nc-nd/4.0/
334685,1265036975,Fanniidae_Fannia_serena_2768623_1265036975,http://creativecommons.org/licenses/by-nc-nd/4.0/
334686,1265036975,Fanniidae_Fannia_serena_2768624_1265036975,http://creativecommons.org/licenses/by-nc-nd/4.0/
334690,1265036946,Fanniidae_Fannia_serena_1389820_1265036946,http://creativecommons.org/licenses/by-nc-nd/4.0/
334691,1265036946,Fanniidae_Fannia_serena_1389821_1265036946,http://creativecommons.org/licenses/by-nc-nd/4.0/
334692,1265036946,Fanniidae_Fannia_serena_1389822_1265036946,http://creativecommons.org/licenses/by-nc-nd/4.0/
334694,1265036957,Fanniidae_Fannia_serena_2768617_1265036957,http://creativecommons.org/licenses/by-nc-nd/4.0/
334695,1265036957,Fanniidae_Fannia_serena_2768618_1265036957,http://creativecommons.org/licenses/by-nc-nd/4.0/
336838,1019548304,Fanniidae_Fannia_fuscula_2069989_1019548304,http://creativecommons.org/licenses/by-nc-nd/4.0/
336839,1019548304,Fanniidae_Fannia_fuscula_2069990_1019548304,http://creativecommons.org/licenses/by-nc-nd/4.0/
336840,1019548304,Fanniidae_Fannia_fuscula_2069991_1019548304,http://creativecommons.org/licenses/by-nc-nd/4.0/
336848,1019548128,Fanniidae_Fannia_manicata_1380504_1019548128,http://creativecommons.org/licenses/by-nc-nd/4.0/
336849,1019548128,Fanniidae_Fannia_manicata_1380505_1019548128,http://creativecommons.org/licenses/by-nc-nd/4.0/
336850,1019548128,Fanniidae_Fannia_manicata_1380506_1019548128,http://creativecommons.org/licenses/by-nc-nd/4.0/
336851,1019548128,Fanniidae_Fannia_manicata_1380507_1019548128,http://creativecommons.org/licenses/by-nc-nd/4.0/
336852,1019548128,Fanniidae_Fannia_manicata_1380508_1019548128,http://creativecommons.org/licenses/by-nc-nd/4.0/
336858,1019548051,Fanniidae_Fannia_leucosticta_1380456_1019548051,http://creativecommons.org/licenses/by-nc-nd/4.0/
336859,1019548051,Fanniidae_Fannia_leucosticta_1380457_1019548051,http://creativecommons.org/licenses/by-nc-nd/4.0/
336860,1019548051,Fanniidae_Fannia_leucosticta_1380458_1019548051,http://creativecommons.org/licenses/by-nc-nd/4.0/
336861,1019548051,Fanniidae_Fannia_leucosticta_1380459_1019548051,http://creativecommons.org/licenses/by-nc-nd/4.0/
336862,1019548051,Fanniidae_Fannia_leucosticta_1380460_1019548051,http://creativecommons.org/licenses/by-nc-nd/4.0/
336863,1019548071,Fanniidae_Fannia_manicata_2759392_1019548071,http://creativecommons.org/licenses/by-nc-nd/4.0/
336864,1019548071,Fanniidae_Fannia_manicata_2759393_1019548071,http://creativecommons.org/licenses/by-nc-nd/4.0/
336865,1019548071,Fanniidae_Fannia_manicata_2759394_1019548071,http://creativecommons.org/licenses/by-nc-nd/4.0/
336866,1019548071,Fanniidae_Fannia_manicata_2759395_1019548071,http://creativecommons.org/licenses/by-nc-nd/4.0/
336867,1019548071,Fanniidae_Fannia_manicata_2759396_1019548071,http://creativecommons.org/licenses/by-nc-nd/4.0/
336877,1019548033,Fanniidae_Fannia_lepida_1380445_1019548033,http://creativecommons.org/licenses/by-nc-nd/4.0/
336878,1019548033,Fanniidae_Fannia_lepida_1380446_1019548033,http://creativecommons.org/licenses/by-nc-nd/4.0/
336879,1019548033,Fanniidae_Fannia_lepida_1380447_1019548033,http://creativecommons.org/licenses/by-nc-nd/4.0/
336888,1019548057,Fanniidae_Fannia_lepida_2069830_1019548057,http://creativecommons.org/licenses/by-nc-nd/4.0/
336889,1019548057,Fanniidae_Fannia_lepida_2069831_1019548057,http://creativecommons.org/licenses/by-nc-nd/4.0/
336890,1019548057,Fanniidae_Fannia_lepida_2069832_1019548057,http://creativecommons.org/licenses/by-nc-nd/4.0/
336897,1019548024,Fanniidae_Fannia_lepida_1380438_1019548024,http://creativecommons.org/licenses/by-nc-nd/4.0/
336898,1019548024,Fanniidae_Fannia_lepida_1380439_1019548024,http://creativecommons.org/licenses/by-nc-nd/4.0/
336899,1019548024,Fanniidae_Fannia_lepida_1380440_1019548024,http://creativecommons.org/licenses/by-nc-nd/4.0/
336908,1019547999,Fanniidae_Fannia_lepida_1380425_1019547999,http://creativecommons.org/licenses/by-nc-nd/4.0/
336909,1019547999,Fanniidae_Fannia_lepida_1380426_1019547999,http://creativecommons.org/licenses/by-nc-nd/4.0/
336910,1019547999,Fanniidae_Fannia_lepida_1380427_1019547999,http://creativecommons.org/licenses/by-nc-nd/4.0/
336914,1019548292,Fanniidae_Fannia_fuscula_2759513_1019548292,http://creativecommons.org/licenses/by-nc-nd/4.0/
336915,1019548292,Fanniidae_Fannia_fuscula_2759514_1019548292,http://creativecommons.org/licenses/by-nc-nd/4.0/
336916,1019548292,Fanniidae_Fannia_fuscula_2759515_1019548292,http://creativecommons.org/licenses/by-nc-nd/4.0/
336933,1019548014,Fanniidae_Fannia_ornata_691911_1019548014,http://creativecommons.org/licenses/by-nc-nd/4.0/
336934,1019548014,Fanniidae_Fannia_ornata_691912_1019548014,http://creativecommons.org/licenses/by-nc-nd/4.0/
336935,1019548014,Fanniidae_Fannia_ornata_691913_1019548014,http://creativecommons.org/licenses/by-nc-nd/4.0/
336936,1019548014,Fanniidae_Fannia_ornata_691914_1019548014,http://creativecommons.org/licenses/by-nc-nd/4.0/
336969,1019548233,Fanniidae_Fannia_fuscula_2759491_1019548233,http://creativecommons.org/licenses/by-nc-nd/4.0/
336970,1019548233,Fanniidae_Fannia_fuscula_2759492_1019548233,http://creativecommons.org/licenses/by-nc-nd/4.0/
336971,1019548233,Fanniidae_Fannia_fuscula_2759493_1019548233,http://creativecommons.org/licenses/by-nc-nd/4.0/
336972,1019548233,Fanniidae_Fannia_fuscula_2759494_1019548233,http://creativecommons.org/licenses/by-nc-nd/4.0/
336973,1019548233,Fanniidae_Fannia_fuscula_2759495_1019548233,http://creativecommons.org/licenses/by-nc-nd/4.0/
336974,1019548257,Fanniidae_Fannia_fuscula_795_1019548257,http://creativecommons.org/licenses/by-nc-nd/4.0/
336975,1019548257,Fanniidae_Fannia_fuscula_796_1019548257,http://creativecommons.org/licenses/by-nc-nd/4.0/
336976,1019548257,Fanniidae_Fannia_fuscula_797_1019548257,http://creativecommons.org/licenses/by-nc-nd/4.0/
336982,1019548266,Fanniidae_Fannia_canicularis_803_1019548266,http://creativecommons.org/licenses/by-nc-nd/4.0/
336983,1019548266,Fanniidae_Fannia_canicularis_804_1019548266,http://creativecommons.org/licenses/by-nc-nd/4.0/
336984,1019548266,Fanniidae_Fannia_canicularis_805_1019548266,http://creativecommons.org/licenses/by-nc-nd/4.0/
336993,1019548290,Fanniidae_Fannia_carbonaria_1380598_1019548290,http://creativecommons.org/licenses/by-nc-nd/4.0/
336994,1019548290,Fanniidae_Fannia_carbonaria_1380599_1019548290,http://creativecommons.org/licenses/by-nc-nd/4.0/
336995,1019548290,Fanniidae_Fannia_carbonaria_1380600_1019548290,http://creativecommons.org/licenses/by-nc-nd/4.0/
336996,1019548290,Fanniidae_Fannia_carbonaria_1380601_1019548290,http://creativecommons.org/licenses/by-nc-nd/4.0/
336997,1019548290,Fanniidae_Fannia_carbonaria_1380602_1019548290,http://creativecommons.org/licenses/by-nc-nd/4.0/
337008,1019548218,Fanniidae_Fannia_canicularis_1380558_1019548218,http://creativecommons.org/licenses/by-nc-nd/4.0/
337009,1019548218,Fanniidae_Fannia_canicularis_1380559_1019548218,http://creativecommons.org/licenses/by-nc-nd/4.0/
337010,1019548218,Fanniidae_Fannia_canicularis_1380560_1019548218,http://creativecommons.org/licenses/by-nc-nd/4.0/
337023,1019548242,Fanniidae_Fannia_canicularis_2759496_1019548242,http://creativecommons.org/licenses/by-nc-nd/4.0/
337024,1019548242,Fanniidae_Fannia_canicularis_2759497_1019548242,http://creativecommons.org/licenses/by-nc-nd/4.0/
337025,1019548242,Fanniidae_Fannia_canicularis_2759498_1019548242,http://creativecommons.org/licenses/by-nc-nd/4.0/
337135,1019548106,Fanniidae_Fannia_ornata_2069863_1019548106,http://creativecommons.org/licenses/by-nc-nd/4.0/
337136,1019548106,Fanniidae_Fannia_ornata_2069864_1019548106,http://creativecommons.org/licenses/by-nc-nd/4.0/
337137,1019548106,Fanniidae_Fannia_ornata_2069865_1019548106,http://creativecommons.org/licenses/by-nc-nd/4.0/
337138,1019548106,Fanniidae_Fannia_ornata_2069866_1019548106,http://creativecommons.org/licenses/by-nc-nd/4.0/
337139,1019548106,Fanniidae_Fannia_ornata_2069867_1019548106,http://creativecommons.org/licenses/by-nc-nd/4.0/
337154,1019548127,Fanniidae_Fannia_pruinosa_691958_1019548127,http://creativecommons.org/licenses/by-nc-nd/4.0/
337155,1019548127,Fanniidae_Fannia_pruinosa_691959_1019548127,http://creativecommons.org/licenses/by-nc-nd/4.0/
337156,1019548127,Fanniidae_Fannia_pruinosa_691960_1019548127,http://creativecommons.org/licenses/by-nc-nd/4.0/
337157,1019548127,Fanniidae_Fannia_pruinosa_691961_1019548127,http://creativecommons.org/licenses/by-nc-nd/4.0/
337158,1019548127,Fanniidae_Fannia_pruinosa_691962_1019548127,http://creativecommons.org/licenses/by-nc-nd/4.0/
337195,1019548114,Fanniidae_Fannia_scalaris_1380499_1019548114,http://creativecommons.org/licenses/by-nc-nd/4.0/
337196,1019548114,Fanniidae_Fannia_scalaris_1380500_1019548114,http://creativecommons.org/licenses/by-nc-nd/4.0/
337197,1019548114,Fanniidae_Fannia_scalaris_1380501_1019548114,http://creativecommons.org/licenses/by-nc-nd/4.0/
337206,1019548227,Fanniidae_Fannia_scalaris_1380564_1019548227,http://creativecommons.org/licenses/by-nc-nd/4.0/
337207,1019548227,Fanniidae_Fannia_scalaris_1380565_1019548227,http://creativecommons.org/licenses/by-nc-nd/4.0/
337208,1019548227,Fanniidae_Fannia_scalaris_1380566_1019548227,http://creativecommons.org/licenses/by-nc-nd/4.0/
337215,1019548243,Fanniidae_Fannia_scalaris_785_1019548243,http://creativecommons.org/licenses/by-nc-nd/4.0/
337216,1019548243,Fanniidae_Fannia_scalaris_786_1019548243,http://creativecommons.org/licenses/by-nc-nd/4.0/
337217,1019548243,Fanniidae_Fannia_scalaris_787_1019548243,http://creativecommons.org/licenses/by-nc-nd/4.0/
337226,1019548268,Fanniidae_Fannia_scalaris_1380587_1019548268,http://creativecommons.org/licenses/by-nc-nd/4.0/
337227,1019548268,Fanniidae_Fannia_scalaris_1380588_1019548268,http://creativecommons.org/licenses/by-nc-nd/4.0/
337228,1019548268,Fanniidae_Fannia_scalaris_1380589_1019548268,http://creativecommons.org/licenses/by-nc-nd/4.0/
337511,1265037676,Fanniidae_Fannia_canicularis_2079485_1265037676,http://creativecommons.org/licenses/by-nc-nd/4.0/
337512,1265037676,Fanniidae_Fannia_canicularis_2079486_1265037676,http://creativecommons.org/licenses/by-nc-nd/4.0/
337832,1019548774,Fanniidae_Fannia_rondanii_2759823_1019548774,http://creativecommons.org/licenses/by-nc-nd/4.0/
337833,1019548774,Fanniidae_Fannia_rondanii_2759824_1019548774,http://creativecommons.org/licenses/by-nc-nd/4.0/
337834,1019548774,Fanniidae_Fannia_rondanii_2759825_1019548774,http://creativecommons.org/licenses/by-nc-nd/4.0/
337835,1019548774,Fanniidae_Fannia_rondanii_2759826_1019548774,http://creativecommons.org/licenses/by-nc-nd/4.0/
337836,1019548774,Fanniidae_Fannia_rondanii_2759827_1019548774,http://creativecommons.org/licenses/by-nc-nd/4.0/
337973,1019548795,Fanniidae_Fannia_lustrator_1380905_1019548795,http://creativecommons.org/licenses/by-nc-nd/4.0/
337974,1019548795,Fanniidae_Fannia_lustrator_1380906_1019548795,http://creativecommons.org/licenses/by-nc-nd/4.0/
337975,1019548795,Fanniidae_Fannia_lustrator_1380907_1019548795,http://creativecommons.org/licenses/by-nc-nd/4.0/
338734,1019548909,Fanniidae_Fannia_armata_2759925_1019548909,http://creativecommons.org/licenses/by-nc-nd/4.0/
338735,1019548909,Fanniidae_Fannia_armata_2759926_1019548909,http://creativecommons.org/licenses/by-nc-nd/4.0/
338736,1019548909,Fanniidae_Fannia_armata_2759927_1019548909,http://creativecommons.org/licenses/by-nc-nd/4.0/
339769,1265038966,Fanniidae_Fannia_scalaris_701987_1265038966,http://creativecommons.org/licenses/by-nc-nd/4.0/
339770,1265038966,Fanniidae_Fannia_scalaris_701988_1265038966,http://creativecommons.org/licenses/by-nc-nd/4.0/
339771,1265038966,Fanniidae_Fannia_scalaris_701989_1265038966,http://creativecommons.org/licenses/by-nc-nd/4.0/
339772,1265038966,Fanniidae_Fannia_scalaris_701990_1265038966,http://creativecommons.org/licenses/by-nc-nd/4.0/
340196,1019547556,Fanniidae_Fannia_polychaeta_691651_1019547556,http://creativecommons.org/licenses/by-nc-nd/4.0/
340197,1019547556,Fanniidae_Fannia_polychaeta_691652_1019547556,http://creativecommons.org/licenses/by-nc-nd/4.0/
340198,1019547556,Fanniidae_Fannia_polychaeta_691653_1019547556,http://creativecommons.org/licenses/by-nc-nd/4.0/
340199,1019547556,Fanniidae_Fannia_polychaeta_691654_1019547556,http://creativecommons.org/licenses/by-nc-nd/4.0/
340200,1019547556,Fanniidae_Fannia_polychaeta_691655_1019547556,http://creativecommons.org/licenses/by-nc-nd/4.0/
340254,1019547317,Fanniidae_Fannia_serena_691462_1019547317,http://creativecommons.org/licenses/by-nc-nd/4.0/
340255,1019547317,Fanniidae_Fannia_serena_691463_1019547317,http://creativecommons.org/licenses/by-nc-nd/4.0/
340256,1019547317,Fanniidae_Fannia_serena_691464_1019547317,http://creativecommons.org/licenses/by-nc-nd/4.0/
340257,1019547317,Fanniidae_Fannia_serena_691465_1019547317,http://creativecommons.org/licenses/by-nc-nd/4.0/
340258,1019547317,Fanniidae_Fannia_serena_691466_1019547317,http://creativecommons.org/licenses/by-nc-nd/4.0/
351604,3131290317,Fanniidae_Fannia_similis_3047355_3131290317,http://creativecommons.org/licenses/by/4.0/
351605,3131290317,Fanniidae_Fannia_similis_3047356_3131290317,http://creativecommons.org/licenses/by/4.0/
351606,3131290317,Fanniidae_Fannia_similis_3047357_3131290317,http://creativecommons.org/licenses/by/4.0/
352873,3873014349,Fanniidae_Fannia_canicularis_588694_3873014349,http://creativecommons.org/licenses/by-nc/4.0/
352874,3873014349,Fanniidae_Fannia_canicularis_588695_3873014349,http://creativecommons.org/licenses/by-nc/4.0/
352875,3873014349,Fanniidae_Fannia_canicularis_588696_3873014349,http://creativecommons.org/licenses/by-nc/4.0/
352876,3873014349,Fanniidae_Fannia_canicularis_588697_3873014349,http://creativecommons.org/licenses/by-nc/4.0/
354340,4022200738,Fanniidae_Fannia_lustrator_1371653_4022200738,http://creativecommons.org/licenses/by-nc/4.0/
359063,2834185368,Fanniidae_Fannia_lustrator_214071_2834185368,http://creativecommons.org/licenses/by-nc-nd/4.0/
366416,2826425089,Fanniidae_Fannia_canicularis_2968988_2826425089,http://creativecommons.org/licenses/by/4.0/
366417,2826425089,Fanniidae_Fannia_canicularis_2968989_2826425089,http://creativecommons.org/licenses/by/4.0/
366418,2826425089,Fanniidae_Fannia_canicularis_2968990_2826425089,http://creativecommons.org/licenses/by/4.0/
373458,1970382700,Fanniidae_Fannia_lustrator_2873388_1970382700,http://creativecommons.org/licenses/by-nc-nd/4.0/
384690,2833978604,Fanniidae_Fannia_lustrator_1592428_2833978604,http://creativecommons.org/licenses/by-nc-nd/4.0/
397640,2006216119,Fanniidae_Fannia_subpellucens_133263_2006216119,© All rights reserved
397641,2006216119,Fanniidae_Fannia_subpellucens_133264_2006216119,© All rights reserved
397642,2006216119,Fanniidae_Fannia_subpellucens_133265_2006216119,© All rights reserved
397643,2006216119,Fanniidae_Fannia_subpellucens_133266_2006216119,© All rights reserved
397939,2248739748,Fanniidae_Fannia_aequilineata_137955_2248739748,http://creativecommons.org/licenses/by-nc-sa/4.0/
397988,1459402619,Fanniidae_Fannia_serena_2805910_1459402619,© all rights reserved
397989,1459402619,Fanniidae_Fannia_serena_2805911_1459402619,© all rights reserved
404129,2001486996,Fanniidae_Fannia_genualis_2200791_2001486996,http://creativecommons.org/licenses/by-nc-sa/4.0/
404132,2001561830,Fanniidae_Fannia_hirticeps_2891109_2001561830,http://creativecommons.org/licenses/by-nc-sa/4.0/
407564,2833770931,Fanniidae_Fannia_lustrator_212546_2833770931,http://creativecommons.org/licenses/by-nc/4.0/
407565,2833770931,Fanniidae_Fannia_lustrator_212547_2833770931,http://creativecommons.org/licenses/by-nc/4.0/
413376,2013761032,Fanniidae_Fannia_canicularis_824113_2013761032,http://creativecommons.org/licenses/by-nc/4.0/
431371,2001498471,Fanniidae_Fannia_tuberculata_2891105_2001498471,http://creativecommons.org/licenses/by-nc-sa/4.0/
431380,2001418794,Fanniidae_Fannia_canicularis_2891097_2001418794,http://creativecommons.org/licenses/by-nc-sa/4.0/
431386,2001501375,Fanniidae_Fannia_lustrator_1511745_2001501375,http://creativecommons.org/licenses/by-nc-sa/4.0/
431390,2001596062,Fanniidae_Piezura_graminicola_2891112_2001596062,http://creativecommons.org/licenses/by-nc-sa/4.0/
431401,2001244511,Fanniidae_Fannia_sociella_2200770_2001244511,http://creativecommons.org/licenses/by-nc-sa/4.0/
431493,3947126899,Fanniidae_Fannia_canicularis_1337934_3947126899,http://creativecommons.org/licenses/by-nc/4.0/
432676,3768803333,Fanniidae_Fannia_canicularis_1238499_3768803333,© all rights reserved
439474,1955496490,Fanniidae_Fannia_lustrator_2161479_1955496490,http://creativecommons.org/licenses/by-nc-nd/4.0/
439475,1955496490,Fanniidae_Fannia_lustrator_2161480_1955496490,http://creativecommons.org/licenses/by-nc-nd/4.0/
439635,2840494682,Fanniidae_Fannia_lustrator_2292067_2840494682,http://creativecommons.org/licenses/by-nc/4.0/
442569,4016163358,Fanniidae_Fannia_rondanii_2748048_4016163358,© All rights reserved
442570,4016163358,Fanniidae_Fannia_rondanii_2748049_4016163358,© All rights reserved
442571,4016163358,Fanniidae_Fannia_rondanii_2748050_4016163358,© All rights reserved
442572,4016163358,Fanniidae_Fannia_rondanii_2748051_4016163358,© All rights reserved
442573,4016163358,Fanniidae_Fannia_rondanii_2748052_4016163358,© All rights reserved
442750,3807734374,Fanniidae_Fannia_subpellucens_2625914_3807734374,© All rights reserved
442751,3807734374,Fanniidae_Fannia_subpellucens_2625915_3807734374,© All rights reserved
442752,3807734374,Fanniidae_Fannia_subpellucens_2625916_3807734374,© All rights reserved
444716,1957915652,Fanniidae_Fannia_similis_2165332_1957915652,http://creativecommons.org/licenses/by-nc-nd/4.0/
444717,1957915652,Fanniidae_Fannia_similis_2165333_1957915652,http://creativecommons.org/licenses/by-nc-nd/4.0/
444718,1957915652,Fanniidae_Fannia_similis_2165334_1957915652,http://creativecommons.org/licenses/by-nc-nd/4.0/
444719,1957915652,Fanniidae_Fannia_similis_2165335_1957915652,http://creativecommons.org/licenses/by-nc-nd/4.0/
448591,3824496615,Fanniidae_Fannia_lustrator_2631849_3824496615,http://creativecommons.org/licenses/by-nc-nd/4.0/
455535,2840143215,Fanniidae_Fannia_lustrator_913960_2840143215,http://creativecommons.org/licenses/by-nc-nd/4.0/
455536,2840143215,Fanniidae_Fannia_lustrator_913961_2840143215,http://creativecommons.org/licenses/by-nc-nd/4.0/
457610,2843766712,Fanniidae_Fannia_lustrator_2989599_2843766712,http://creativecommons.org/licenses/by-nc-nd/4.0/
457611,2843766712,Fanniidae_Fannia_lustrator_2989600_2843766712,http://creativecommons.org/licenses/by-nc-nd/4.0/
458385,2841873464,Fanniidae_Fannia_lustrator_2294719_2841873464,http://creativecommons.org/licenses/by-nc-nd/4.0/
459260,1963510658,Fanniidae_Fannia_canicularis_2862441_1963510658,http://creativecommons.org/licenses/by-nc/4.0/
459261,1963510658,Fanniidae_Fannia_canicularis_2862442_1963510658,http://creativecommons.org/licenses/by-nc/4.0/
461412,2248738959,Fanniidae_Fannia_canicularis_2206079_2248738959,http://creativecommons.org/licenses/by-nc-sa/4.0/
467622,1957628366,Fanniidae_Fannia_lustrator_786762_1957628366,http://creativecommons.org/licenses/by-nc-nd/4.0/
471271,2837107379,Fanniidae_Fannia_lustrator_2286971_2837107379,http://creativecommons.org/licenses/by-nc-nd/4.0/
471462,2844998887,Fanniidae_Fannia_lustrator_234009_2844998887,http://creativecommons.org/licenses/by-nc-nd/4.0/
471463,2844998887,Fanniidae_Fannia_lustrator_234010_2844998887,http://creativecommons.org/licenses/by-nc-nd/4.0/
471728,1953262550,Fanniidae_Fannia_lustrator_1469092_1953262550,http://creativecommons.org/licenses/by-nc-nd/4.0/
472641,1960100978,Fanniidae_Fannia_lustrator_1479644_1960100978,http://creativecommons.org/licenses/by-nc-nd/4.0/
472953,2834063963,Fanniidae_Fannia_lustrator_903914_2834063963,http://creativecommons.org/licenses/by-nc-nd/4.0/
472954,2834063963,Fanniidae_Fannia_lustrator_903915_2834063963,http://creativecommons.org/licenses/by-nc-nd/4.0/
489346,1953248881,Fanniidae_Fannia_lustrator_2158237_1953248881,http://creativecommons.org/licenses/by-sa/4.0/
494630,1959290450,Fanniidae_Fannia_fuscula_1477916_1959290450,http://creativecommons.org/licenses/by-nc-nd/4.0/
497268,2843779889,Fanniidae_Fannia_lustrator_2298957_2843779889,http://creativecommons.org/licenses/by-nc-nd/4.0/
497269,2843779889,Fanniidae_Fannia_lustrator_2298958_2843779889,http://creativecommons.org/licenses/by-nc-nd/4.0/
498890,4016214465,Fanniidae_Fannia_norvegica_3438336_4016214465,© All rights reserved
498891,4016214465,Fanniidae_Fannia_norvegica_3438337_4016214465,© All rights reserved
498892,4016214465,Fanniidae_Fannia_norvegica_3438338_4016214465,© All rights reserved
501906,1913680744,Fanniidae_Fannia_manicata_84025_1913680744,http://creativecommons.org/licenses/by-nc/4.0/
501907,1913680744,Fanniidae_Fannia_manicata_84026_1913680744,http://creativecommons.org/licenses/by-nc/4.0/
502539,2422839939,Fanniidae_Fannia_canicularis_2914441_2422839939,http://creativecommons.org/licenses/by-nc/4.0/
504331,2596424249,Fanniidae_Fannia_canicularis_2252836_2596424249,http://creativecommons.org/licenses/by-nc/4.0/
504332,2596424249,Fanniidae_Fannia_canicularis_2252837_2596424249,http://creativecommons.org/licenses/by-nc/4.0/
504333,2596424249,Fanniidae_Fannia_canicularis_2252838_2596424249,http://creativecommons.org/licenses/by-nc/4.0/
507621,1432773867,Fanniidae_Fannia_pallitibia_2114168_1432773867,© all rights reserved
507622,1432773867,Fanniidae_Fannia_pallitibia_2114169_1432773867,© all rights reserved
507623,1432773867,Fanniidae_Fannia_pallitibia_2114170_1432773867,© all rights reserved
507624,1432773867,Fanniidae_Fannia_pallitibia_2114171_1432773867,© all rights reserved
508155,2001489143,Fanniidae_Fannia_fuscula_132745_2001489143,http://creativecommons.org/licenses/by-nc-sa/4.0/
510336,2868351241,Fanniidae_Fannia_canicularis_1624985_2868351241,http://creativecommons.org/licenses/by-nc/4.0/
510337,2868351241,Fanniidae_Fannia_canicularis_1624986_2868351241,http://creativecommons.org/licenses/by-nc/4.0/
513662,2242975424,Fanniidae_Fannia_canicularis_827388_2242975424,http://creativecommons.org/licenses/by-nc/4.0/
513663,2242975424,Fanniidae_Fannia_canicularis_827389_2242975424,http://creativecommons.org/licenses/by-nc/4.0/
519446,3772568632,Fanniidae_Fannia_lustrator_2617675_3772568632,http://creativecommons.org/licenses/by/4.0/
519447,3772568632,Fanniidae_Fannia_lustrator_2617676_3772568632,http://creativecommons.org/licenses/by/4.0/
519448,3772568632,Fanniidae_Fannia_lustrator_2617677_3772568632,http://creativecommons.org/licenses/by/4.0/
519449,3772568632,Fanniidae_Fannia_lustrator_2617678_3772568632,http://creativecommons.org/licenses/by/4.0/
519450,3772568632,Fanniidae_Fannia_lustrator_2617679_3772568632,http://creativecommons.org/licenses/by/4.0/
519451,3772568632,Fanniidae_Fannia_lustrator_2617680_3772568632,http://creativecommons.org/licenses/by/4.0/
519452,3772568632,Fanniidae_Fannia_lustrator_2617681_3772568632,http://creativecommons.org/licenses/by/4.0/
519453,3772568632,Fanniidae_Fannia_lustrator_2617682_3772568632,http://creativecommons.org/licenses/by/4.0/
519454,3772568632,Fanniidae_Fannia_lustrator_2617683_3772568632,http://creativecommons.org/licenses/by/4.0/
519455,3772568632,Fanniidae_Fannia_lustrator_2617684_3772568632,http://creativecommons.org/licenses/by/4.0/
519456,3772568632,Fanniidae_Fannia_lustrator_2617685_3772568632,http://creativecommons.org/licenses/by/4.0/
519457,3772568632,Fanniidae_Fannia_lustrator_2617686_3772568632,http://creativecommons.org/licenses/by/4.0/
519458,3772568632,Fanniidae_Fannia_lustrator_2617687_3772568632,http://creativecommons.org/licenses/by/4.0/
519459,3772568632,Fanniidae_Fannia_lustrator_2617688_3772568632,http://creativecommons.org/licenses/by/4.0/
519460,3772568632,Fanniidae_Fannia_lustrator_2617689_3772568632,http://creativecommons.org/licenses/by/4.0/
519461,3772568632,Fanniidae_Fannia_lustrator_2617690_3772568632,http://creativecommons.org/licenses/by/4.0/
519462,3772568632,Fanniidae_Fannia_lustrator_2617691_3772568632,http://creativecommons.org/licenses/by/4.0/
519463,3772568632,Fanniidae_Fannia_lustrator_2617692_3772568632,http://creativecommons.org/licenses/by/4.0/
533241,3338098516,Fanniidae_Fannia_canicularis_3070302_3338098516,http://creativecommons.org/licenses/by-nc/4.0/
538077,3337414385,Fanniidae_Fannia_canicularis_3067153_3337414385,http://creativecommons.org/licenses/by-nc/4.0/
538078,3337414385,Fanniidae_Fannia_canicularis_3067154_3337414385,http://creativecommons.org/licenses/by-nc/4.0/
543201,2429226483,Fanniidae_Fannia_canicularis_847790_2429226483,http://creativecommons.org/publicdomain/zero/1.0/
543202,2429226483,Fanniidae_Fannia_canicularis_847791_2429226483,http://creativecommons.org/publicdomain/zero/1.0/
543203,2429226483,Fanniidae_Fannia_canicularis_847792_2429226483,http://creativecommons.org/publicdomain/zero/1.0/
543204,2429226483,Fanniidae_Fannia_canicularis_847793_2429226483,http://creativecommons.org/publicdomain/zero/1.0/
544808,3354995450,Fanniidae_Fannia_canicularis_2382252_3354995450,http://creativecommons.org/licenses/by-nc/4.0/
544809,3354995450,Fanniidae_Fannia_canicularis_2382253_3354995450,http://creativecommons.org/licenses/by-nc/4.0/
544810,3354995450,Fanniidae_Fannia_canicularis_2382254_3354995450,http://creativecommons.org/licenses/by-nc/4.0/
549128,3873133454,Fanniidae_Fannia_manicata_3347823_3873133454,http://creativecommons.org/licenses/by-nc/4.0/
549129,3873133454,Fanniidae_Fannia_manicata_3347824_3873133454,http://creativecommons.org/licenses/by-nc/4.0/
549130,3873133454,Fanniidae_Fannia_manicata_3347825_3873133454,http://creativecommons.org/licenses/by-nc/4.0/
549131,3873133454,Fanniidae_Fannia_manicata_3347826_3873133454,http://creativecommons.org/licenses/by-nc/4.0/
559615,3873496356,Fanniidae_Fannia_canicularis_1969384_3873496356,http://creativecommons.org/licenses/by-nc/4.0/
559616,3873496356,Fanniidae_Fannia_canicularis_1969385_3873496356,http://creativecommons.org/licenses/by-nc/4.0/
559617,3873496356,Fanniidae_Fannia_canicularis_1969386_3873496356,http://creativecommons.org/licenses/by-nc/4.0/
562926,3005123467,Fanniidae_Fannia_canicularis_1638639_3005123467,http://creativecommons.org/licenses/by/4.0/
566830,2238967813,Fanniidae_Fannia_canicularis_2894523_2238967813,http://creativecommons.org/licenses/by-nc/4.0/
569219,3109174836,Fanniidae_Fannia_canicularis_973159_3109174836,http://creativecommons.org/licenses/by-nc/4.0/
569220,3109174836,Fanniidae_Fannia_canicularis_973160_3109174836,http://creativecommons.org/licenses/by-nc/4.0/
569221,3109174836,Fanniidae_Fannia_canicularis_973161_3109174836,http://creativecommons.org/licenses/by-nc/4.0/
584051,3963270766,Fanniidae_Fannia_canicularis_655202_3963270766,http://creativecommons.org/licenses/by-nc/4.0/
586467,3325891386,Fanniidae_Fannia_canicularis_2367261_3325891386,http://creativecommons.org/licenses/by-nc/4.0/
592771,3112753951,Fanniidae_Fannia_canicularis_974766_3112753951,http://creativecommons.org/licenses/by-nc/4.0/
593502,2283140184,Fanniidae_Fannia_canicularis_1525297_2283140184,http://creativecommons.org/licenses/by-nc/4.0/
610327,2013763999,Fanniidae_Fannia_canicularis_133716_2013763999,http://creativecommons.org/licenses/by-nc/4.0/
610328,2013763999,Fanniidae_Fannia_canicularis_133717_2013763999,http://creativecommons.org/licenses/by-nc/4.0/
610394,3988500065,Fanniidae_Fannia_canicularis_1350036_3988500065,http://creativecommons.org/licenses/by-nc/4.0/
614884,3061721921,Fanniidae_Fannia_canicularis_2341174_3061721921,http://creativecommons.org/licenses/by/4.0/
614885,3061721921,Fanniidae_Fannia_canicularis_2341175_3061721921,http://creativecommons.org/licenses/by/4.0/
619441,2626679984,Fanniidae_Fannia_lustrator_2949475_2626679984,http://creativecommons.org/licenses/by-nc/4.0/
619442,2626679984,Fanniidae_Fannia_lustrator_2949476_2626679984,http://creativecommons.org/licenses/by-nc/4.0/
619443,2626679984,Fanniidae_Fannia_lustrator_2949477_2626679984,http://creativecommons.org/licenses/by-nc/4.0/
619444,2626679984,Fanniidae_Fannia_lustrator_2949478_2626679984,http://creativecommons.org/licenses/by-nc/4.0/
619445,2626679984,Fanniidae_Fannia_lustrator_2949479_2626679984,http://creativecommons.org/licenses/by-nc/4.0/
619446,2626679984,Fanniidae_Fannia_lustrator_2949480_2626679984,http://creativecommons.org/licenses/by-nc/4.0/
619447,2626679984,Fanniidae_Fannia_lustrator_2949481_2626679984,http://creativecommons.org/licenses/by-nc/4.0/
619448,2626679984,Fanniidae_Fannia_lustrator_2949482_2626679984,http://creativecommons.org/licenses/by-nc/4.0/
619449,2626679984,Fanniidae_Fannia_lustrator_2949483_2626679984,http://creativecommons.org/licenses/by-nc/4.0/
619450,2626679984,Fanniidae_Fannia_lustrator_2949484_2626679984,http://creativecommons.org/licenses/by-nc/4.0/
619451,2626679984,Fanniidae_Fannia_lustrator_2949485_2626679984,http://creativecommons.org/licenses/by-nc/4.0/
619452,2626679984,Fanniidae_Fannia_lustrator_2949486_2626679984,http://creativecommons.org/licenses/by-nc/4.0/
619453,2626679984,Fanniidae_Fannia_lustrator_2949487_2626679984,http://creativecommons.org/licenses/by-nc/4.0/
619454,2626679984,Fanniidae_Fannia_lustrator_2949488_2626679984,http://creativecommons.org/licenses/by-nc/4.0/
619455,2626679984,Fanniidae_Fannia_lustrator_2949489_2626679984,http://creativecommons.org/licenses/by-nc/4.0/
619456,2626679984,Fanniidae_Fannia_lustrator_2949490_2626679984,http://creativecommons.org/licenses/by-nc/4.0/
619457,2626679984,Fanniidae_Fannia_lustrator_2949491_2626679984,http://creativecommons.org/licenses/by-nc/4.0/
619458,2626679984,Fanniidae_Fannia_lustrator_2949492_2626679984,http://creativecommons.org/licenses/by-nc/4.0/
619459,2626679984,Fanniidae_Fannia_lustrator_2949493_2626679984,http://creativecommons.org/licenses/by-nc/4.0/
619460,2626679984,Fanniidae_Fannia_lustrator_2949494_2626679984,http://creativecommons.org/licenses/by-nc/4.0/
619461,2626679984,Fanniidae_Fannia_lustrator_2949495_2626679984,http://creativecommons.org/licenses/by-nc/4.0/
626875,1945424229,Fanniidae_Fannia_canicularis_1465500_1945424229,http://creativecommons.org/licenses/by-nc/4.0/
633698,2248739539,Fanniidae_Fannia_armata_2206092_2248739539,http://creativecommons.org/licenses/by-nc-sa/4.0/
634305,4016266389,Fanniidae_Fannia_serena_1368858_4016266389,© All rights reserved
634306,4016266389,Fanniidae_Fannia_serena_1368859_4016266389,© All rights reserved
634307,4016266389,Fanniidae_Fannia_serena_1368860_4016266389,© All rights reserved
634308,4016266389,Fanniidae_Fannia_serena_1368861_4016266389,© All rights reserved
634309,4016266389,Fanniidae_Fannia_serena_1368862_4016266389,© All rights reserved
643607,2000825906,Fanniidae_Fannia_serena_132710_2000825906,http://creativecommons.org/licenses/by-nc-sa/4.0/
643611,2001459989,Fanniidae_Fannia_parva_132739_2001459989,http://creativecommons.org/licenses/by-nc-sa/4.0/
643620,2001152841,Fanniidae_Fannia_polychaeta_1511723_2001152841,http://creativecommons.org/licenses/by-nc-sa/4.0/
644079,4016155458,Fanniidae_Fannia_serena_680695_4016155458,© All rights reserved
644080,4016155458,Fanniidae_Fannia_serena_680696_4016155458,© All rights reserved
644081,4016155458,Fanniidae_Fannia_serena_680697_4016155458,© All rights reserved
644301,4016188344,Fanniidae_Fannia_norvegica_680703_4016188344,© All rights reserved
644302,4016188344,Fanniidae_Fannia_norvegica_680704_4016188344,© All rights reserved
644303,4016188344,Fanniidae_Fannia_norvegica_680705_4016188344,© All rights reserved
644304,4016188344,Fanniidae_Fannia_norvegica_680706_4016188344,© All rights reserved
644305,4016188344,Fanniidae_Fannia_norvegica_680707_4016188344,© All rights reserved
644306,4016188344,Fanniidae_Fannia_norvegica_680708_4016188344,© All rights reserved
644307,4016188344,Fanniidae_Fannia_norvegica_680709_4016188344,© All rights reserved
652567,1975233965,Fanniidae_Fannia_lustrator_812417_1975233965,http://creativecommons.org/licenses/by-nc-nd/4.0/
657096,3458599157,Fanniidae_Fannia_mollissima_464667_3458599157,http://creativecommons.org/licenses/by/4.0/
657097,3458599157,Fanniidae_Fannia_mollissima_464668_3458599157,http://creativecommons.org/licenses/by/4.0/
657098,3458599157,Fanniidae_Fannia_mollissima_464669_3458599157,http://creativecommons.org/licenses/by/4.0/
675318,2842306737,Fanniidae_Fannia_lustrator_2295989_2842306737,http://creativecommons.org/licenses/by-nc-nd/4.0/
675319,2842306737,Fanniidae_Fannia_lustrator_2295990_2842306737,http://creativecommons.org/licenses/by-nc-nd/4.0/
680777,2311409120,Fanniidae_Fannia_canicularis_838650_2311409120,http://creativecommons.org/licenses/by-nc/4.0/
681810,4016240500,Fanniidae_Fannia_mollissima_2748067_4016240500,© All rights reserved
681811,4016240500,Fanniidae_Fannia_mollissima_2748068_4016240500,© All rights reserved
681812,4016240500,Fanniidae_Fannia_mollissima_2748069_4016240500,© All rights reserved
681913,1823917603,Fanniidae_Fannia_lustrator_1435907_1823917603,© All rights reserved
681914,1823917603,Fanniidae_Fannia_lustrator_1435908_1823917603,© All rights reserved
683300,2842531803,Fanniidae_Fannia_lustrator_1607699_2842531803,http://creativecommons.org/licenses/by-nc-nd/4.0/
684292,1961699755,Fanniidae_Fannia_lustrator_793173_1961699755,http://creativecommons.org/licenses/by-sa/4.0/
686804,1227774472,Fanniidae_Fannia_canicularis_2078462_1227774472,http://creativecommons.org/licenses/by-nc-sa/4.0/
693637,1955676709,Fanniidae_Fannia_lustrator_784137_1955676709,http://creativecommons.org/licenses/by-nc-nd/4.0/
694297,1057204025,Fanniidae_Fannia_canicularis_2763625_1057204025,http://creativecommons.org/licenses/by/4.0/
705879,2842055366,Fanniidae_Fannia_lustrator_1606258_2842055366,http://creativecommons.org/licenses/by-nc-nd/4.0/
711277,2573815171,Fanniidae_Fannia_canicularis_1560736_2573815171,http://creativecommons.org/licenses/by-nc/4.0/
717071,1977193204,Fanniidae_Fannia_lustrator_815646_1977193204,http://creativecommons.org/licenses/by-nc-sa/4.0/
717072,1977193204,Fanniidae_Fannia_lustrator_815647_1977193204,http://creativecommons.org/licenses/by-nc-sa/4.0/
717486,1965579892,Fanniidae_Fannia_lustrator_2175333_1965579892,http://creativecommons.org/licenses/by-nc-nd/4.0/
717487,1965579892,Fanniidae_Fannia_lustrator_2175334_1965579892,http://creativecommons.org/licenses/by-nc-nd/4.0/
722039,1961522320,Fanniidae_Fannia_lustrator_2860610_1961522320,http://creativecommons.org/licenses/by-nc-nd/4.0/
722040,1961522320,Fanniidae_Fannia_lustrator_2860611_1961522320,http://creativecommons.org/licenses/by-nc-nd/4.0/
722041,1961522320,Fanniidae_Fannia_lustrator_2860612_1961522320,http://creativecommons.org/licenses/by-nc-nd/4.0/
726993,1977110777,Fanniidae_Fannia_lustrator_124791_1977110777,http://creativecommons.org/licenses/by-nc-nd/4.0/
726994,1977110777,Fanniidae_Fannia_lustrator_124792_1977110777,http://creativecommons.org/licenses/by-nc-nd/4.0/
730849,1955767271,Fanniidae_Fannia_lustrator_784481_1955767271,http://creativecommons.org/licenses/by-nc-nd/4.0/
734596,1955671021,Fanniidae_Fannia_lustrator_2161925_1955671021,http://creativecommons.org/licenses/by-nc/4.0/
734597,1955671021,Fanniidae_Fannia_lustrator_2161926_1955671021,http://creativecommons.org/licenses/by-nc/4.0/
735814,4016161460,Fanniidae_Fannia_mollissima_680698_4016161460,© All rights reserved
735815,4016161460,Fanniidae_Fannia_mollissima_680699_4016161460,© All rights reserved
735816,4016161460,Fanniidae_Fannia_mollissima_680700_4016161460,© All rights reserved
735902,2549910918,Fanniidae_Fannia_incisurata_2236073_2549910918,© All rights reserved
735903,2549910918,Fanniidae_Fannia_incisurata_2236074_2549910918,© All rights reserved
739635,1961655726,Fanniidae_Fannia_mollissima_793102_1961655726,http://creativecommons.org/licenses/by-nc-nd/4.0/
739636,1961655726,Fanniidae_Fannia_mollissima_793103_1961655726,http://creativecommons.org/licenses/by-nc-nd/4.0/
745302,1959553105,Fanniidae_Fannia_canicularis_789832_1959553105,http://creativecommons.org/licenses/by-nc-nd/4.0/
745303,1959553105,Fanniidae_Fannia_canicularis_789833_1959553105,http://creativecommons.org/licenses/by-nc-nd/4.0/
745304,1959553105,Fanniidae_Fannia_canicularis_789834_1959553105,http://creativecommons.org/licenses/by-nc-nd/4.0/
745305,1959553105,Fanniidae_Fannia_canicularis_789835_1959553105,http://creativecommons.org/licenses/by-nc-nd/4.0/
745306,1959553105,Fanniidae_Fannia_canicularis_789836_1959553105,http://creativecommons.org/licenses/by-nc-nd/4.0/
745307,1959553105,Fanniidae_Fannia_canicularis_789837_1959553105,http://creativecommons.org/licenses/by-nc-nd/4.0/
746596,2845259717,Fanniidae_Fannia_lustrator_234561_2845259717,http://creativecommons.org/licenses/by-nc-nd/4.0/
746597,2845259717,Fanniidae_Fannia_lustrator_234562_2845259717,http://creativecommons.org/licenses/by-nc-nd/4.0/
748026,4016203457,Fanniidae_Fannia_parva_2748054_4016203457,© All rights reserved
748027,4016203457,Fanniidae_Fannia_parva_2748055_4016203457,© All rights reserved
748028,4016203457,Fanniidae_Fannia_parva_2748056_4016203457,© All rights reserved
748029,4016203457,Fanniidae_Fannia_parva_2748057_4016203457,© All rights reserved
748030,4016203457,Fanniidae_Fannia_parva_2748058_4016203457,© All rights reserved
748157,3469544389,Fanniidae_Fannia_lustrator_468827_3469544389,© All rights reserved
748158,3469544389,Fanniidae_Fannia_lustrator_468828_3469544389,© All rights reserved
754179,2833748007,Fanniidae_Fannia_lustrator_2971098_2833748007,http://creativecommons.org/licenses/by/4.0/
756014,1969417134,Fanniidae_Fannia_lustrator_2871193_1969417134,http://creativecommons.org/licenses/by-nc/4.0/
762404,2609106300,Fanniidae_Fannia_canicularis_2945048_2609106300,http://creativecommons.org/licenses/by-nc/4.0/
762405,2609106300,Fanniidae_Fannia_canicularis_2945049_2609106300,http://creativecommons.org/licenses/by-nc/4.0/
762406,2609106300,Fanniidae_Fannia_canicularis_2945050_2609106300,http://creativecommons.org/licenses/by-nc/4.0/
764314,4017510729,Fanniidae_Fannia_nidica_3438372_4017510729,© all rights reserved
764315,4017510729,Fanniidae_Fannia_nidica_3438373_4017510729,© all rights reserved
764526,3432758221,Fanniidae_Fannia_canicularis_337711_3432758221,© all rights reserved
764527,3432758221,Fanniidae_Fannia_canicularis_337712_3432758221,© all rights reserved
764842,2248740106,Fanniidae_Fannia_manicata_137966_2248740106,http://creativecommons.org/licenses/by-nc-sa/4.0/
765383,1966915824,Fanniidae_Fannia_lustrator_2178371_1966915824,http://creativecommons.org/licenses/by-nc/4.0/
765384,1966915824,Fanniidae_Fannia_lustrator_2178372_1966915824,http://creativecommons.org/licenses/by-nc/4.0/
765385,1966915824,Fanniidae_Fannia_lustrator_2178373_1966915824,http://creativecommons.org/licenses/by-nc/4.0/
765386,1966915824,Fanniidae_Fannia_lustrator_2178374_1966915824,http://creativecommons.org/licenses/by-nc/4.0/
766433,1966625497,Fanniidae_Fannia_lustrator_1488822_1966625497,http://creativecommons.org/licenses/by-nc-nd/4.0/
766434,1966625497,Fanniidae_Fannia_lustrator_1488823_1966625497,http://creativecommons.org/licenses/by-nc-nd/4.0/
770487,1958326102,Fanniidae_Fannia_mollissima_97685_1958326102,http://creativecommons.org/licenses/by-nc-nd/4.0/
773737,4016207307,Fanniidae_Fannia_incisurata_1368854_4016207307,© All rights reserved
773738,4016207307,Fanniidae_Fannia_incisurata_1368855_4016207307,© All rights reserved
773739,4016207307,Fanniidae_Fannia_incisurata_1368856_4016207307,© All rights reserved
773740,4016207307,Fanniidae_Fannia_incisurata_1368857_4016207307,© All rights reserved
777868,1955663515,Fanniidae_Fannia_lustrator_1472819_1955663515,http://creativecommons.org/licenses/by-sa/4.0/
778174,3725191103,Fanniidae_Fannia_canicularis_509052_3725191103,http://creativecommons.org/licenses/by-nc-nd/4.0/
779646,1956704865,Fanniidae_Fannia_lustrator_1473863_1956704865,http://creativecommons.org/licenses/by-nc-nd/4.0/
781755,1953083514,Fanniidae_Fannia_lustrator_2157887_1953083514,http://creativecommons.org/licenses/by-nc-nd/4.0/
783304,2409405447,Fanniidae_Fannia_scalaris_844328_2409405447,© All rights reserved
783305,2409405447,Fanniidae_Fannia_scalaris_844329_2409405447,© All rights reserved
787686,1968894833,Fanniidae_Fannia_pallitibia_2179960_1968894833,http://creativecommons.org/licenses/by-nc-nd/4.0/
788709,2844701195,Fanniidae_Fannia_lustrator_2991742_2844701195,http://creativecommons.org/licenses/by-nc-nd/4.0/
792256,1957761650,Fanniidae_Fannia_lustrator_96434_1957761650,http://creativecommons.org/licenses/by-nc-nd/4.0/
792257,1957761650,Fanniidae_Fannia_lustrator_96435_1957761650,http://creativecommons.org/licenses/by-nc-nd/4.0/
792549,2843828125,Fanniidae_Fannia_canicularis_921380_2843828125,http://creativecommons.org/licenses/by-nc-nd/4.0/
792550,2843828125,Fanniidae_Fannia_canicularis_921381_2843828125,http://creativecommons.org/licenses/by-nc-nd/4.0/
792551,2843828125,Fanniidae_Fannia_canicularis_921382_2843828125,http://creativecommons.org/licenses/by-nc-nd/4.0/
792552,2843828125,Fanniidae_Fannia_canicularis_921383_2843828125,http://creativecommons.org/licenses/by-nc-nd/4.0/
800411,1974553021,Fanniidae_Fannia_mollissima_2189547_1974553021,http://creativecommons.org/licenses/by-nc-nd/4.0/
800412,1974553021,Fanniidae_Fannia_mollissima_2189548_1974553021,http://creativecommons.org/licenses/by-nc-nd/4.0/
800413,1974553021,Fanniidae_Fannia_mollissima_2189549_1974553021,http://creativecommons.org/licenses/by-nc-nd/4.0/
802031,1977519633,Fanniidae_Fannia_mollissima_2883816_1977519633,http://creativecommons.org/licenses/by-nc-sa/4.0/
802032,1977519633,Fanniidae_Fannia_mollissima_2883817_1977519633,http://creativecommons.org/licenses/by-nc-sa/4.0/
802033,1977519633,Fanniidae_Fannia_mollissima_2883818_1977519633,http://creativecommons.org/licenses/by-nc-sa/4.0/
802034,1977519633,Fanniidae_Fannia_mollissima_2883819_1977519633,http://creativecommons.org/licenses/by-nc-sa/4.0/
802836,2842008828,Fanniidae_Fannia_lustrator_2295066_2842008828,http://creativecommons.org/licenses/by-nc-nd/4.0/
803249,2834885287,Fanniidae_Fannia_lustrator_1595283_2834885287,http://creativecommons.org/licenses/by-nc-nd/4.0/
804553,2841261759,Fanniidae_Fannia_lustrator_915469_2841261759,http://creativecommons.org/licenses/by-nc-nd/4.0/
805234,1953523767,Fanniidae_Fannia_lustrator_1469656_1953523767,http://creativecommons.org/licenses/by-nc/4.0/
805650,1956654483,Fanniidae_Fannia_incisurata_1473843_1956654483,http://creativecommons.org/licenses/by-nc-nd/4.0/
805651,1956654483,Fanniidae_Fannia_incisurata_1473844_1956654483,http://creativecommons.org/licenses/by-nc-nd/4.0/
805652,1956654483,Fanniidae_Fannia_incisurata_1473845_1956654483,http://creativecommons.org/licenses/by-nc-nd/4.0/
805653,1956654483,Fanniidae_Fannia_incisurata_1473846_1956654483,http://creativecommons.org/licenses/by-nc-nd/4.0/
805654,1956654483,Fanniidae_Fannia_incisurata_1473847_1956654483,http://creativecommons.org/licenses/by-nc-nd/4.0/
806820,1974004492,Fanniidae_Fannia_lustrator_811121_1974004492,http://creativecommons.org/licenses/by-nc/4.0/
806821,1974004492,Fanniidae_Fannia_lustrator_811122_1974004492,http://creativecommons.org/licenses/by-nc/4.0/
809477,3752414460,Fanniidae_Fannia_umbrosa_2610915_3752414460,http://creativecommons.org/licenses/by-sa/4.0/
809478,3752414423,Fanniidae_Fannia_tuberculata_1921838_3752414423,http://creativecommons.org/licenses/by-sa/4.0/
809479,3752414522,Fanniidae_Fannia_subpellucens_1921841_3752414522,http://creativecommons.org/licenses/by-sa/4.0/
809480,3752414450,Fanniidae_Fannia_tuberculata_1921839_3752414450,http://creativecommons.org/licenses/by-sa/4.0/
809481,3752414451,Fanniidae_Fannia_tuberculata_2610914_3752414451,http://creativecommons.org/licenses/by-sa/4.0/
809482,3752414503,Fanniidae_Fannia_ringdahlana_1232362_3752414503,http://creativecommons.org/licenses/by-sa/4.0/
809483,3752414470,Fanniidae_Fannia_similis_3301624_3752414470,http://creativecommons.org/licenses/by-sa/4.0/
809484,3752414482,Fanniidae_Fannia_mollissima_1921840_3752414482,http://creativecommons.org/licenses/by-sa/4.0/
809485,3752414483,Fanniidae_Fannia_parva_2610916_3752414483,http://creativecommons.org/licenses/by-sa/4.0/
809486,3752414488,Fanniidae_Fannia_parva_2610917_3752414488,http://creativecommons.org/licenses/by-sa/4.0/
809494,3752414609,Fanniidae_Piezura_graminicola_2610918_3752414609,http://creativecommons.org/licenses/by-sa/4.0/
809522,3752416246,Fanniidae_Fannia_fuscula_1921854_3752416246,http://creativecommons.org/licenses/by-sa/4.0/
809523,3752416247,Fanniidae_Fannia_hirticeps_2610924_3752416247,http://creativecommons.org/licenses/by-sa/4.0/
809524,3752416252,Fanniidae_Fannia_carbonaria_3301634_3752416252,http://creativecommons.org/licenses/by-sa/4.0/
809525,3752416254,Fanniidae_Fannia_coracina_1232369_3752416254,http://creativecommons.org/licenses/by-sa/4.0/
809526,3752416259,Fanniidae_Fannia_coracina_1232370_3752416259,http://creativecommons.org/licenses/by-sa/4.0/
809528,3752416263,Fanniidae_Fannia_canicularis_1232371_3752416263,http://creativecommons.org/licenses/by-sa/4.0/
809716,3752439282,Fanniidae_Fannia_monilis_1921933_3752439282,http://creativecommons.org/licenses/by-sa/4.0/
809717,3752439352,Fanniidae_Fannia_scalaris_543530_3752439352,http://creativecommons.org/licenses/by-sa/4.0/
811215,3725599558,Fanniidae_Fannia_lustrator_1198919_3725599558,http://creativecommons.org/licenses/by-nc-nd/4.0/
811378,1974149978,Fanniidae_Fannia_serena_120699_1974149978,http://creativecommons.org/licenses/by-nc-nd/4.0/
811379,1974149978,Fanniidae_Fannia_serena_120700_1974149978,http://creativecommons.org/licenses/by-nc-nd/4.0/
815992,2837333794,Fanniidae_Fannia_lustrator_219484_2837333794,http://creativecommons.org/licenses/by-nc-nd/4.0/
822075,2840096575,Fanniidae_Fannia_lustrator_223581_2840096575,http://creativecommons.org/licenses/by-nc-nd/4.0/
822957,1958265990,Fanniidae_Fannia_lustrator_1476724_1958265990,http://creativecommons.org/licenses/by-nc-nd/4.0/
822958,1958265990,Fanniidae_Fannia_lustrator_1476725_1958265990,http://creativecommons.org/licenses/by-nc-nd/4.0/
822959,1958265990,Fanniidae_Fannia_lustrator_1476726_1958265990,http://creativecommons.org/licenses/by-nc-nd/4.0/
824297,1967249395,Fanniidae_Fannia_lustrator_1489665_1967249395,http://creativecommons.org/licenses/by-nc-nd/4.0/
824298,1967249395,Fanniidae_Fannia_lustrator_1489666_1967249395,http://creativecommons.org/licenses/by-nc-nd/4.0/
826074,1955777477,Fanniidae_Fannia_lustrator_93894_1955777477,http://creativecommons.org/licenses/by-nc/4.0/
839234,2833734141,Fanniidae_Fannia_lustrator_2280498_2833734141,http://creativecommons.org/licenses/by-nc-nd/4.0/
839235,2833734141,Fanniidae_Fannia_lustrator_2280499_2833734141,http://creativecommons.org/licenses/by-nc-nd/4.0/
844488,2842273533,Fanniidae_Fannia_lustrator_227901_2842273533,http://creativecommons.org/licenses/by-nc/4.0/
845744,2839938110,Fanniidae_Fannia_lustrator_1602391_2839938110,http://creativecommons.org/licenses/by-nd/4.0/
847439,1953511135,Fanniidae_Fannia_mollissima_2158759_1953511135,http://creativecommons.org/licenses/by-nc-nd/4.0/
847440,1953511135,Fanniidae_Fannia_mollissima_2158760_1953511135,http://creativecommons.org/licenses/by-nc-nd/4.0/
851248,2845067589,Fanniidae_Fannia_lustrator_2992697_2845067589,http://creativecommons.org/licenses/by-nc-nd/4.0/
858815,1957872970,Fanniidae_Fannia_lustrator_2165207_1957872970,http://creativecommons.org/licenses/by-nc-nd/4.0/
861546,2845485916,Fanniidae_Fannia_canicularis_1613814_2845485916,http://creativecommons.org/licenses/by-nc-nd/4.0/
861547,2845485916,Fanniidae_Fannia_canicularis_1613815_2845485916,http://creativecommons.org/licenses/by-nc-nd/4.0/
861548,2845485916,Fanniidae_Fannia_canicularis_1613816_2845485916,http://creativecommons.org/licenses/by-nc-nd/4.0/
863837,2833807016,Fanniidae_Fannia_lustrator_212628_2833807016,http://creativecommons.org/licenses/by-nc-nd/4.0/
863838,2833807016,Fanniidae_Fannia_lustrator_212629_2833807016,http://creativecommons.org/licenses/by-nc-nd/4.0/
863839,2833807016,Fanniidae_Fannia_lustrator_212630_2833807016,http://creativecommons.org/licenses/by-nc-nd/4.0/
867418,2834108191,Fanniidae_Fannia_lustrator_2972342_2834108191,http://creativecommons.org/licenses/by-nc-nd/4.0/
872094,1974150233,Fanniidae_Fannia_serena_811447_1974150233,http://creativecommons.org/licenses/by-nc-nd/4.0/
872095,1974150233,Fanniidae_Fannia_serena_811448_1974150233,http://creativecommons.org/licenses/by-nc-nd/4.0/
874855,1954628564,Fanniidae_Fannia_pallitibia_2849341_1954628564,http://creativecommons.org/licenses/by-nc-nd/4.0/
874856,1954628564,Fanniidae_Fannia_pallitibia_2849342_1954628564,http://creativecommons.org/licenses/by-nc-nd/4.0/
880334,1953518868,Fanniidae_Fannia_lustrator_2158780_1953518868,http://creativecommons.org/licenses/by-nc-nd/4.0/
880335,1953518868,Fanniidae_Fannia_lustrator_2158781_1953518868,http://creativecommons.org/licenses/by-nc-nd/4.0/
882316,1977436225,Fanniidae_Fannia_lustrator_2883705_1977436225,http://creativecommons.org/licenses/by-nc-nd/4.0/
887300,2398210849,Fanniidae_Fannia_scalaris_2910074_2398210849,© All rights reserved
888389,2842126110,Fanniidae_Fannia_lustrator_2295435_2842126110,http://creativecommons.org/licenses/by-nc-nd/4.0/
888390,2842126110,Fanniidae_Fannia_lustrator_2295436_2842126110,http://creativecommons.org/licenses/by-nc-nd/4.0/
889163,2836788262,Fanniidae_Fannia_lustrator_908406_2836788262,http://creativecommons.org/licenses/by-nc-nd/4.0/
889164,2836788262,Fanniidae_Fannia_lustrator_908407_2836788262,http://creativecommons.org/licenses/by-nc-nd/4.0/
889898,1957738823,Fanniidae_Fannia_fuscula_787019_1957738823,http://creativecommons.org/licenses/by-nc-nd/4.0/
889899,1957738823,Fanniidae_Fannia_fuscula_787020_1957738823,http://creativecommons.org/licenses/by-nc-nd/4.0/
889900,1957738823,Fanniidae_Fannia_fuscula_787021_1957738823,http://creativecommons.org/licenses/by-nc-nd/4.0/
889901,1957738823,Fanniidae_Fannia_fuscula_787022_1957738823,http://creativecommons.org/licenses/by-nc-nd/4.0/
895592,2845409066,Fanniidae_Fannia_lustrator_2993429_2845409066,http://creativecommons.org/licenses/by-nc-nd/4.0/
918871,1957737620,Fanniidae_Fannia_serena_96381_1957737620,http://creativecommons.org/licenses/by-nc-nd/4.0/
918872,1957737620,Fanniidae_Fannia_serena_96382_1957737620,http://creativecommons.org/licenses/by-nc-nd/4.0/
919593,1960904191,Fanniidae_Fannia_pallitibia_791656_1960904191,http://creativecommons.org/licenses/by-nc/4.0/
919594,1960904191,Fanniidae_Fannia_pallitibia_791657_1960904191,http://creativecommons.org/licenses/by-nc/4.0/
919595,1960904191,Fanniidae_Fannia_pallitibia_791658_1960904191,http://creativecommons.org/licenses/by-nc/4.0/
920320,1955674605,Fanniidae_Fannia_lustrator_2851873_1955674605,http://creativecommons.org/licenses/by-nc/4.0/
920321,1955674605,Fanniidae_Fannia_lustrator_2851874_1955674605,http://creativecommons.org/licenses/by-nc/4.0/
920322,1955674605,Fanniidae_Fannia_lustrator_2851875_1955674605,http://creativecommons.org/licenses/by-nc/4.0/
922928,3873585359,Fanniidae_Fannia_canicularis_3350140_3873585359,http://creativecommons.org/licenses/by-nc/4.0/
922929,3873585359,Fanniidae_Fannia_canicularis_3350141_3873585359,http://creativecommons.org/licenses/by-nc/4.0/
927783,2837906648,Fanniidae_Fannia_lustrator_2979307_2837906648,http://creativecommons.org/licenses/by-nc-nd/4.0/
929939,1959102714,Fanniidae_Fannia_lustrator_1477670_1959102714,http://creativecommons.org/licenses/by-nc-nd/4.0/
931960,1953273933,Fanniidae_Fannia_lustrator_2848089_1953273933,http://creativecommons.org/licenses/by-nc-nd/4.0/
935029,1957223788,Fanniidae_Fannia_canicularis_2163747_1957223788,http://creativecommons.org/licenses/by-nc-nd/4.0/
943385,2841768953,Fanniidae_Fannia_lustrator_2985010_2841768953,http://creativecommons.org/licenses/by-nc-nd/4.0/
944444,2841386109,Fanniidae_Fannia_lustrator_2293435_2841386109,http://creativecommons.org/licenses/by-nc-sa/4.0/
944959,1962739970,Fanniidae_Fannia_lustrator_794082_1962739970,http://creativecommons.org/licenses/by/4.0/
946478,2836731800,Fanniidae_Fannia_lustrator_1597031_2836731800,http://creativecommons.org/licenses/by-nc-nd/4.0/
946528,1959041809,Fanniidae_Fannia_canicularis_2856755_1959041809,http://creativecommons.org/licenses/by-nc-nd/4.0/
951384,1957239408,Fanniidae_Fannia_postica_2853615_1957239408,http://creativecommons.org/licenses/by-nc-nd/4.0/
951385,1957239408,Fanniidae_Fannia_postica_2853616_1957239408,http://creativecommons.org/licenses/by-nc-nd/4.0/
955678,1957239156,Fanniidae_Fannia_fuscula_2853612_1957239156,http://creativecommons.org/licenses/by-nc-nd/4.0/
955679,1957239156,Fanniidae_Fannia_fuscula_2853613_1957239156,http://creativecommons.org/licenses/by-nc-nd/4.0/
955680,1957239156,Fanniidae_Fannia_fuscula_2853614_1957239156,http://creativecommons.org/licenses/by-nc-nd/4.0/
955940,1961634128,Fanniidae_Fannia_lustrator_2860825_1961634128,http://creativecommons.org/licenses/by-nc/4.0/
955941,1961634128,Fanniidae_Fannia_lustrator_2860826_1961634128,http://creativecommons.org/licenses/by-nc/4.0/
969412,1977479938,Fanniidae_Fannia_mollissima_1504713_1977479938,http://creativecommons.org/licenses/by-nc-nd/4.0/
969413,1977479938,Fanniidae_Fannia_mollissima_1504714_1977479938,http://creativecommons.org/licenses/by-nc-nd/4.0/
969637,1956497519,Fanniidae_Fannia_lustrator_1473757_1956497519,http://creativecommons.org/licenses/by-nc-nd/4.0/
969638,1956497519,Fanniidae_Fannia_lustrator_1473758_1956497519,http://creativecommons.org/licenses/by-nc-nd/4.0/
969639,1956497519,Fanniidae_Fannia_lustrator_1473759_1956497519,http://creativecommons.org/licenses/by-nc-nd/4.0/
972462,1966609150,Fanniidae_Fannia_lustrator_109480_1966609150,http://creativecommons.org/licenses/by-nc-nd/4.0/
972463,1966609150,Fanniidae_Fannia_lustrator_109481_1966609150,http://creativecommons.org/licenses/by-nc-nd/4.0/
972464,1966609150,Fanniidae_Fannia_lustrator_109482_1966609150,http://creativecommons.org/licenses/by-nc-nd/4.0/
973471,1955491545,Fanniidae_Fannia_lustrator_2851348_1955491545,http://creativecommons.org/licenses/by-nc/4.0/
973472,1955491545,Fanniidae_Fannia_lustrator_2851349_1955491545,http://creativecommons.org/licenses/by-nc/4.0/
976639,1960079453,Fanniidae_Fannia_lustrator_100402_1960079453,http://creativecommons.org/licenses/by-nc-nd/4.0/
979715,1959832330,Fanniidae_Fannia_lustrator_790525_1959832330,http://creativecommons.org/licenses/by-nc-nd/4.0/
985257,1953510650,Fanniidae_Fannia_lustrator_2848568_1953510650,http://creativecommons.org/licenses/by-nc-nd/4.0/
985962,2835078104,Fanniidae_Fannia_lustrator_1595502_2835078104,http://creativecommons.org/licenses/by-nc/4.0/
986443,1955736780,Fanniidae_Fannia_lustrator_1473013_1955736780,http://creativecommons.org/licenses/by-nc-nd/4.0/
986804,1975929725,Fanniidae_Fannia_canicularis_1501372_1975929725,http://creativecommons.org/licenses/by-nc-nd/4.0/
986805,1975929725,Fanniidae_Fannia_canicularis_1501373_1975929725,http://creativecommons.org/licenses/by-nc-nd/4.0/
989658,2840184518,Fanniidae_Fannia_lustrator_1602622_2840184518,http://creativecommons.org/licenses/by-nc-nd/4.0/
990235,1967142411,Fanniidae_Fannia_manicata_2178625_1967142411,http://creativecommons.org/licenses/by-nc/4.0/
990236,1967142411,Fanniidae_Fannia_manicata_2178626_1967142411,http://creativecommons.org/licenses/by-nc/4.0/
990237,1967142411,Fanniidae_Fannia_manicata_2178627_1967142411,http://creativecommons.org/licenses/by-nc/4.0/
994563,1955773931,Fanniidae_Fannia_lustrator_784486_1955773931,http://creativecommons.org/licenses/by-nc-nd/4.0/
999607,1977342522,Fanniidae_Fannia_lustrator_125307_1977342522,http://creativecommons.org/licenses/by-nc-nd/4.0/
1000041,2837096915,Fanniidae_Fannia_lustrator_909200_2837096915,http://creativecommons.org/licenses/by-nc-nd/4.0/
1013636,3705435436,Fanniidae_Fannia_canicularis_1162845_3705435436,http://creativecommons.org/licenses/by/4.0/
1014648,1500229347,Fanniidae_Fannia_canicularis_2808480_1500229347,http://creativecommons.org/licenses/by-nc/4.0/
1014649,1500229347,Fanniidae_Fannia_canicularis_2808481_1500229347,http://creativecommons.org/licenses/by-nc/4.0/
1018109,1963380643,Fanniidae_Fannia_pallitibia_2172297_1963380643,http://creativecommons.org/licenses/by-nc-nd/4.0/
1019849,1955812055,Fanniidae_Fannia_lustrator_1473206_1955812055,http://creativecommons.org/licenses/by-nc-nd/4.0/
1019850,1955812055,Fanniidae_Fannia_lustrator_1473207_1955812055,http://creativecommons.org/licenses/by-nc-nd/4.0/
1019851,1955812055,Fanniidae_Fannia_lustrator_1473208_1955812055,http://creativecommons.org/licenses/by-nc-nd/4.0/
1019852,1955812055,Fanniidae_Fannia_lustrator_1473209_1955812055,http://creativecommons.org/licenses/by-nc-nd/4.0/
1024194,1974032078,Fanniidae_Fannia_lustrator_1499542_1974032078,http://creativecommons.org/licenses/by-nc-nd/4.0/
1025740,1957309809,Fanniidae_Fannia_genualis_1474656_1957309809,http://creativecommons.org/licenses/by-nc-nd/4.0/
1026016,1952128225,Fanniidae_Fannia_pallitibia_2845909_1952128225,http://creativecommons.org/licenses/by-nc-nd/4.0/
1033347,4016259460,Fanniidae_Fannia_mollissima_2748070_4016259460,© All rights reserved
1033348,4016259460,Fanniidae_Fannia_mollissima_2748071_4016259460,© All rights reserved
1033349,4016259460,Fanniidae_Fannia_mollissima_2748072_4016259460,© All rights reserved
1037664,1953549421,Fanniidae_Fannia_lustrator_1469715_1953549421,http://creativecommons.org/licenses/by-nc-nd/4.0/
1037665,1953549421,Fanniidae_Fannia_lustrator_1469716_1953549421,http://creativecommons.org/licenses/by-nc-nd/4.0/
1037666,1953549421,Fanniidae_Fannia_lustrator_1469717_1953549421,http://creativecommons.org/licenses/by-nc-nd/4.0/
1043896,1955447056,Fanniidae_Piezura_graminicola_1472148_1955447056,http://creativecommons.org/licenses/by-nc-nd/4.0/
1043897,1955447056,Fanniidae_Piezura_graminicola_1472149_1955447056,http://creativecommons.org/licenses/by-nc-nd/4.0/
1047126,3131271320,Fanniidae_Fannia_fuscula_1667034_3131271320,http://creativecommons.org/licenses/by/4.0/
1047127,3131271320,Fanniidae_Fannia_fuscula_1667035_3131271320,http://creativecommons.org/licenses/by/4.0/
1047128,3131271320,Fanniidae_Fannia_fuscula_1667036_3131271320,http://creativecommons.org/licenses/by/4.0/
1059976,1974061908,Fanniidae_Fannia_lustrator_811285_1974061908,http://creativecommons.org/licenses/by-nc-nd/4.0/
1063107,2627831526,Fanniidae_Fannia_manicata_2949590_2627831526,© All rights reserved
1063108,2627831526,Fanniidae_Fannia_manicata_2949591_2627831526,© All rights reserved
1063109,2627831526,Fanniidae_Fannia_manicata_2949592_2627831526,© All rights reserved
1063247,2402078271,Fanniidae_Fannia_subpellucens_2910987_2402078271,© All rights reserved
1063248,2402078271,Fanniidae_Fannia_subpellucens_2910988_2402078271,© All rights reserved
1063249,2402078271,Fanniidae_Fannia_subpellucens_2910989_2402078271,© All rights reserved
